"source","url","title","sentiment_score","word_count","avg_sentiment","matched_keywords","candidate","article_order"
"KING 5","https://www.king5.com/article/news/politics/elections/harrell-wilson-advance-seattle-mayoral-race/281-9fc3e92c-818e-41dc-b58b-559b59178d23","Katie Wilson extends lead over Bruce Harrell in Seattle mayoral race",1,1,1,"['mayoral', 'election', 'harrell', 'bruce harrell', 'wilson', 'katie wilson', 'mayor (title)', 'mayoral (title)', 'harrell (title)', 'bruce harrell (title)', 'wilson (title)', 'katie wilson (title)']","Harrell",44
"KIRO 7","https://www.kiro7.com/news/local/pike-place-markets-car-free-pilot-program-extended-into-2026/Y5TGPM7MJRCNPOEQKLCTOEC54Q/","Pike Place Market’s car-free pilot program extended into 2026",4,5,0.8,"['mayor', 'harrell', 'bruce harrell', 'transportation']","Harrell",232
"KIRO 7","https://www.kiro7.com/sponsored/local-steals-and-deals/","Local Steals and Deals Local Steals & Deals: A New Phone + Free Service for 1 Year with Google Pixel 9 & US Mobile Local Steals & Deals: Dirt Doesn’t Stand a Chance with Zippi Sweeper Max! Local Steals & Deals: Big Sound & Ice Cold Drinks with Quicksilver Local Steals & Deals: Next-Level Cooling with LivePure Local Steals & Deals: Bold Color for your Garden with Cottage Farms Direct Local Steals & Deals: Guard Your Privacy & Smooth Your Skin with ID Defender & freeda Local Steals & Deals: Charge Up & Slim Down with Statik and COUNTO Local Steals & Deals: Instant Air & Tunes On-The-Go with Statik & Mad Man Local Steals & Deals: Fitness Meets Function with Jetti Brands & OrganiZZi Local Steals & Deals: Cold Therapy & A Colorful Garden with Freeze Sleeve & Cottage Farms Direct Local Steals & Deals: Capture Every Journey & Stay Protected On-the-Go with Minolta and Bellbird Local Steals & Deals: Walk in Comfort & Travel with Ease with AIRfeet and Blisslets Local Steals & Deals: Self-Care Made Simple with Lino Cosmetics and Bibb Home Local Steals & Deals: Full Blooms and Smart Planning with Cottage Farms and ICEBOX Local Steals & Deals: Chic Looks and Stylish Spaces with Cortex Beauty and This Is A Stickup Local Steals & Deals: Chic Accessories & Smart Security with Lisa Stewart Jewelry and Swann Local Steals & Deals: Youthful Skin & Endless Blooms with iluminage & Cottage Farms Direct Local Steals & Deals: Unstoppable Performance with Audien Hearing and Aqua Joe Local Steals & Deals: Confidence Uncovered with Wrinkles Schminkles & Vicci Eyewear Local Steals & Deals: Smart Solutions for Your Daily Routine with Negg and Iluminage Local Steals & Deals: Colorful Eggs & Bright Smiles with Hey Buddy Hey Pal & Mint Local Steals & Deals: Effortless Beauty & Safety for Your Pup with Iluminage & Lumi Pawtners Local Steals & Deals: Savor Every Sip & Power Every Moment with Melitta & Rush Charge Local Steals & Deals: Clean Air & Sweet Dreams with Enviro-Biotic and EASYNEST Local Steals & Deals: Smart Wellness and Superior Sound with Lumen and HAVIT Local Steals & Deals: Elevate Your Fitness & Enhance Your Safety with SideShaper & LifeSafe Local Steals & Deals: Sensible Solutions for Self & Home with Supply Co. & Convert A Bench Local Steals & Deals: Stay Safe At Home & On The Road With Door Halo and Minolta! Local Steals & Deals: Comfort & Care with Cloud Socks & Hey Dewy! Local Steals & Deals: Light Your Way & Heal with Care with LuminAid and Hurt Skurt Latest Trending Billy Howton, believed to be the oldest living NFL player, dies Commander of Apollo 13 mission, Jim Lovell, dies Thousands evacuated as wildfires burn in California HBO Max to crack down on password sharing Acrylic glass panel breaks from Royal Caribbean’s Icon of the Seas water slide; guest injured",-20,69,-0.289855072463768,"['bliss (title)', 'chan (title)', 'parks (title)']","Bliss",380
"KIRO 7","https://www.kiro7.com/sponsored/local-steals-and-deals/","Local Steals and Deals Local Steals & Deals: A New Phone + Free Service for 1 Year with Google Pixel 9 & US Mobile Local Steals & Deals: Dirt Doesn’t Stand a Chance with Zippi Sweeper Max! Local Steals & Deals: Big Sound & Ice Cold Drinks with Quicksilver Local Steals & Deals: Next-Level Cooling with LivePure Local Steals & Deals: Bold Color for your Garden with Cottage Farms Direct Local Steals & Deals: Guard Your Privacy & Smooth Your Skin with ID Defender & freeda Local Steals & Deals: Charge Up & Slim Down with Statik and COUNTO Local Steals & Deals: Instant Air & Tunes On-The-Go with Statik & Mad Man Local Steals & Deals: Fitness Meets Function with Jetti Brands & OrganiZZi Local Steals & Deals: Cold Therapy & A Colorful Garden with Freeze Sleeve & Cottage Farms Direct Local Steals & Deals: Capture Every Journey & Stay Protected On-the-Go with Minolta and Bellbird Local Steals & Deals: Walk in Comfort & Travel with Ease with AIRfeet and Blisslets Local Steals & Deals: Self-Care Made Simple with Lino Cosmetics and Bibb Home Local Steals & Deals: Full Blooms and Smart Planning with Cottage Farms and ICEBOX Local Steals & Deals: Chic Looks and Stylish Spaces with Cortex Beauty and This Is A Stickup Local Steals & Deals: Chic Accessories & Smart Security with Lisa Stewart Jewelry and Swann Local Steals & Deals: Youthful Skin & Endless Blooms with iluminage & Cottage Farms Direct Local Steals & Deals: Unstoppable Performance with Audien Hearing and Aqua Joe Local Steals & Deals: Confidence Uncovered with Wrinkles Schminkles & Vicci Eyewear Local Steals & Deals: Smart Solutions for Your Daily Routine with Negg and Iluminage Local Steals & Deals: Colorful Eggs & Bright Smiles with Hey Buddy Hey Pal & Mint Local Steals & Deals: Effortless Beauty & Safety for Your Pup with Iluminage & Lumi Pawtners Local Steals & Deals: Savor Every Sip & Power Every Moment with Melitta & Rush Charge Local Steals & Deals: Clean Air & Sweet Dreams with Enviro-Biotic and EASYNEST Local Steals & Deals: Smart Wellness and Superior Sound with Lumen and HAVIT Local Steals & Deals: Elevate Your Fitness & Enhance Your Safety with SideShaper & LifeSafe Local Steals & Deals: Sensible Solutions for Self & Home with Supply Co. & Convert A Bench Local Steals & Deals: Stay Safe At Home & On The Road With Door Halo and Minolta! Local Steals & Deals: Comfort & Care with Cloud Socks & Hey Dewy! Local Steals & Deals: Light Your Way & Heal with Care with LuminAid and Hurt Skurt Latest Trending Billy Howton, believed to be the oldest living NFL player, dies Commander of Apollo 13 mission, Jim Lovell, dies Thousands evacuated as wildfires burn in California HBO Max to crack down on password sharing Acrylic glass panel breaks from Royal Caribbean’s Icon of the Seas water slide; guest injured",-20,69,-0.289855072463768,"['bliss (title)', 'chan (title)']","Bliss",381
"KIRO 7","https://www.kiro7.com/sponsored/local-steals-and-deals/","Local Steals and Deals Local Steals & Deals: A New Phone + Free Service for 1 Year with Google Pixel 9 & US Mobile Local Steals & Deals: Dirt Doesn’t Stand a Chance with Zippi Sweeper Max! Local Steals & Deals: Big Sound & Ice Cold Drinks with Quicksilver Local Steals & Deals: Next-Level Cooling with LivePure Local Steals & Deals: Bold Color for your Garden with Cottage Farms Direct Local Steals & Deals: Guard Your Privacy & Smooth Your Skin with ID Defender & freeda Local Steals & Deals: Charge Up & Slim Down with Statik and COUNTO Local Steals & Deals: Instant Air & Tunes On-The-Go with Statik & Mad Man Local Steals & Deals: Fitness Meets Function with Jetti Brands & OrganiZZi Local Steals & Deals: Cold Therapy & A Colorful Garden with Freeze Sleeve & Cottage Farms Direct Local Steals & Deals: Capture Every Journey & Stay Protected On-the-Go with Minolta and Bellbird Local Steals & Deals: Walk in Comfort & Travel with Ease with AIRfeet and Blisslets Local Steals & Deals: Self-Care Made Simple with Lino Cosmetics and Bibb Home Local Steals & Deals: Full Blooms and Smart Planning with Cottage Farms and ICEBOX Local Steals & Deals: Chic Looks and Stylish Spaces with Cortex Beauty and This Is A Stickup Local Steals & Deals: Chic Accessories & Smart Security with Lisa Stewart Jewelry and Swann Local Steals & Deals: Youthful Skin & Endless Blooms with iluminage & Cottage Farms Direct Local Steals & Deals: Unstoppable Performance with Audien Hearing and Aqua Joe Local Steals & Deals: Confidence Uncovered with Wrinkles Schminkles & Vicci Eyewear Local Steals & Deals: Smart Solutions for Your Daily Routine with Negg and Iluminage Local Steals & Deals: Colorful Eggs & Bright Smiles with Hey Buddy Hey Pal & Mint Local Steals & Deals: Effortless Beauty & Safety for Your Pup with Iluminage & Lumi Pawtners Local Steals & Deals: Savor Every Sip & Power Every Moment with Melitta & Rush Charge Local Steals & Deals: Clean Air & Sweet Dreams with Enviro-Biotic and EASYNEST Local Steals & Deals: Smart Wellness and Superior Sound with Lumen and HAVIT Local Steals & Deals: Elevate Your Fitness & Enhance Your Safety with SideShaper & LifeSafe Local Steals & Deals: Sensible Solutions for Self & Home with Supply Co. & Convert A Bench Local Steals & Deals: Stay Safe At Home & On The Road With Door Halo and Minolta! Local Steals & Deals: Comfort & Care with Cloud Socks & Hey Dewy! Local Steals & Deals: Light Your Way & Heal with Care with LuminAid and Hurt Skurt Latest Trending Billy Howton, believed to be the oldest living NFL player, dies Commander of Apollo 13 mission, Jim Lovell, dies Thousands evacuated as wildfires burn in California HBO Max to crack down on password sharing Acrylic glass panel breaks from Royal Caribbean’s Icon of the Seas water slide; guest injured",-20,69,-0.289855072463768,"['bliss (title)', 'chan (title)']","Bliss",382
"KIRO 7","https://www.kiro7.com/sponsored/local-steals-and-deals/","Local Steals and Deals Local Steals & Deals: A New Phone + Free Service for 1 Year with Google Pixel 9 & US Mobile Local Steals & Deals: Dirt Doesn’t Stand a Chance with Zippi Sweeper Max! Local Steals & Deals: Big Sound & Ice Cold Drinks with Quicksilver Local Steals & Deals: Next-Level Cooling with LivePure Local Steals & Deals: Bold Color for your Garden with Cottage Farms Direct Local Steals & Deals: Guard Your Privacy & Smooth Your Skin with ID Defender & freeda Local Steals & Deals: Charge Up & Slim Down with Statik and COUNTO Local Steals & Deals: Instant Air & Tunes On-The-Go with Statik & Mad Man Local Steals & Deals: Fitness Meets Function with Jetti Brands & OrganiZZi Local Steals & Deals: Cold Therapy & A Colorful Garden with Freeze Sleeve & Cottage Farms Direct Local Steals & Deals: Capture Every Journey & Stay Protected On-the-Go with Minolta and Bellbird Local Steals & Deals: Walk in Comfort & Travel with Ease with AIRfeet and Blisslets Local Steals & Deals: Self-Care Made Simple with Lino Cosmetics and Bibb Home Local Steals & Deals: Full Blooms and Smart Planning with Cottage Farms and ICEBOX Local Steals & Deals: Chic Looks and Stylish Spaces with Cortex Beauty and This Is A Stickup Local Steals & Deals: Chic Accessories & Smart Security with Lisa Stewart Jewelry and Swann Local Steals & Deals: Youthful Skin & Endless Blooms with iluminage & Cottage Farms Direct Local Steals & Deals: Unstoppable Performance with Audien Hearing and Aqua Joe Local Steals & Deals: Confidence Uncovered with Wrinkles Schminkles & Vicci Eyewear Local Steals & Deals: Smart Solutions for Your Daily Routine with Negg and Iluminage Local Steals & Deals: Colorful Eggs & Bright Smiles with Hey Buddy Hey Pal & Mint Local Steals & Deals: Effortless Beauty & Safety for Your Pup with Iluminage & Lumi Pawtners Local Steals & Deals: Savor Every Sip & Power Every Moment with Melitta & Rush Charge Local Steals & Deals: Clean Air & Sweet Dreams with Enviro-Biotic and EASYNEST Local Steals & Deals: Smart Wellness and Superior Sound with Lumen and HAVIT Local Steals & Deals: Elevate Your Fitness & Enhance Your Safety with SideShaper & LifeSafe Local Steals & Deals: Sensible Solutions for Self & Home with Supply Co. & Convert A Bench Local Steals & Deals: Stay Safe At Home & On The Road With Door Halo and Minolta! Local Steals & Deals: Comfort & Care with Cloud Socks & Hey Dewy! Local Steals & Deals: Light Your Way & Heal with Care with LuminAid and Hurt Skurt Latest Trending ChatGPT adds mental health break, adjusts algorithm Gator grapple: Deputy grabs gator from pool, detains it in cruiser Bonneville Salt Flats driver Chris Raschke dies while trying to break speed record Fish sparks brush fire in western Canada Back to School: Save money while restocking school supplies for new year",-18,70,-0.257142857142857,"['bliss (title)', 'chan (title)', 'parks (title)']","Bliss",383
"KIRO 7","https://www.kiro7.com/sponsored/local-steals-and-deals/","Local Steals and Deals Local Steals & Deals: A New Phone + Free Service for 1 Year with Google Pixel 9 & US Mobile Local Steals & Deals: Dirt Doesn’t Stand a Chance with Zippi Sweeper Max! Local Steals & Deals: Big Sound & Ice Cold Drinks with Quicksilver Local Steals & Deals: Next-Level Cooling with LivePure Local Steals & Deals: Bold Color for your Garden with Cottage Farms Direct Local Steals & Deals: Guard Your Privacy & Smooth Your Skin with ID Defender & freeda Local Steals & Deals: Charge Up & Slim Down with Statik and COUNTO Local Steals & Deals: Instant Air & Tunes On-The-Go with Statik & Mad Man Local Steals & Deals: Fitness Meets Function with Jetti Brands & OrganiZZi Local Steals & Deals: Cold Therapy & A Colorful Garden with Freeze Sleeve & Cottage Farms Direct Local Steals & Deals: Capture Every Journey & Stay Protected On-the-Go with Minolta and Bellbird Local Steals & Deals: Walk in Comfort & Travel with Ease with AIRfeet and Blisslets Local Steals & Deals: Self-Care Made Simple with Lino Cosmetics and Bibb Home Local Steals & Deals: Full Blooms and Smart Planning with Cottage Farms and ICEBOX Local Steals & Deals: Chic Looks and Stylish Spaces with Cortex Beauty and This Is A Stickup Local Steals & Deals: Chic Accessories & Smart Security with Lisa Stewart Jewelry and Swann Local Steals & Deals: Youthful Skin & Endless Blooms with iluminage & Cottage Farms Direct Local Steals & Deals: Unstoppable Performance with Audien Hearing and Aqua Joe Local Steals & Deals: Confidence Uncovered with Wrinkles Schminkles & Vicci Eyewear Local Steals & Deals: Smart Solutions for Your Daily Routine with Negg and Iluminage Local Steals & Deals: Colorful Eggs & Bright Smiles with Hey Buddy Hey Pal & Mint Local Steals & Deals: Effortless Beauty & Safety for Your Pup with Iluminage & Lumi Pawtners Local Steals & Deals: Savor Every Sip & Power Every Moment with Melitta & Rush Charge Local Steals & Deals: Clean Air & Sweet Dreams with Enviro-Biotic and EASYNEST Local Steals & Deals: Smart Wellness and Superior Sound with Lumen and HAVIT Local Steals & Deals: Elevate Your Fitness & Enhance Your Safety with SideShaper & LifeSafe Local Steals & Deals: Sensible Solutions for Self & Home with Supply Co. & Convert A Bench Local Steals & Deals: Stay Safe At Home & On The Road With Door Halo and Minolta! Local Steals & Deals: Comfort & Care with Cloud Socks & Hey Dewy! Local Steals & Deals: Light Your Way & Heal with Care with LuminAid and Hurt Skurt Latest Trending ChatGPT adds mental health break, adjusts algorithm Gator grapple: Deputy grabs gator from pool, detains it in cruiser Bonneville Salt Flats driver Chris Raschke dies while trying to break speed record Fish sparks brush fire in western Canada Back to School: Save money while restocking school supplies for new year",-18,70,-0.257142857142857,"['bliss (title)', 'chan (title)']","Bliss",384
"KIRO 7","https://www.kiro7.com/sponsored/local-steals-and-deals/","Local Steals and Deals Local Steals & Deals: A New Phone + Free Service for 1 Year with Google Pixel 9 & US Mobile Local Steals & Deals: Dirt Doesn’t Stand a Chance with Zippi Sweeper Max! Local Steals & Deals: Big Sound & Ice Cold Drinks with Quicksilver Local Steals & Deals: Next-Level Cooling with LivePure Local Steals & Deals: Bold Color for your Garden with Cottage Farms Direct Local Steals & Deals: Guard Your Privacy & Smooth Your Skin with ID Defender & freeda Local Steals & Deals: Charge Up & Slim Down with Statik and COUNTO Local Steals & Deals: Instant Air & Tunes On-The-Go with Statik & Mad Man Local Steals & Deals: Fitness Meets Function with Jetti Brands & OrganiZZi Local Steals & Deals: Cold Therapy & A Colorful Garden with Freeze Sleeve & Cottage Farms Direct Local Steals & Deals: Capture Every Journey & Stay Protected On-the-Go with Minolta and Bellbird Local Steals & Deals: Walk in Comfort & Travel with Ease with AIRfeet and Blisslets Local Steals & Deals: Self-Care Made Simple with Lino Cosmetics and Bibb Home Local Steals & Deals: Full Blooms and Smart Planning with Cottage Farms and ICEBOX Local Steals & Deals: Chic Looks and Stylish Spaces with Cortex Beauty and This Is A Stickup Local Steals & Deals: Chic Accessories & Smart Security with Lisa Stewart Jewelry and Swann Local Steals & Deals: Youthful Skin & Endless Blooms with iluminage & Cottage Farms Direct Local Steals & Deals: Unstoppable Performance with Audien Hearing and Aqua Joe Local Steals & Deals: Confidence Uncovered with Wrinkles Schminkles & Vicci Eyewear Local Steals & Deals: Smart Solutions for Your Daily Routine with Negg and Iluminage Local Steals & Deals: Colorful Eggs & Bright Smiles with Hey Buddy Hey Pal & Mint Local Steals & Deals: Effortless Beauty & Safety for Your Pup with Iluminage & Lumi Pawtners Local Steals & Deals: Savor Every Sip & Power Every Moment with Melitta & Rush Charge Local Steals & Deals: Clean Air & Sweet Dreams with Enviro-Biotic and EASYNEST Local Steals & Deals: Smart Wellness and Superior Sound with Lumen and HAVIT Local Steals & Deals: Elevate Your Fitness & Enhance Your Safety with SideShaper & LifeSafe Local Steals & Deals: Sensible Solutions for Self & Home with Supply Co. & Convert A Bench Local Steals & Deals: Stay Safe At Home & On The Road With Door Halo and Minolta! Local Steals & Deals: Comfort & Care with Cloud Socks & Hey Dewy! Local Steals & Deals: Light Your Way & Heal with Care with LuminAid and Hurt Skurt Latest Trending ChatGPT adds mental health break, adjusts algorithm Gator grapple: Deputy grabs gator from pool, detains it in cruiser Bonneville Salt Flats driver Chris Raschke dies while trying to break speed record Fish sparks brush fire in western Canada Back to School: Save money while restocking school supplies for new year",-18,70,-0.257142857142857,"['bliss (title)', 'chan (title)']","Bliss",385
"KIRO 7","https://www.kiro7.com/sponsored/local-steals-and-deals/","Local Steals and Deals Local Steals & Deals: A New Phone + Free Service for 1 Year with Google Pixel 9 & US Mobile Local Steals & Deals: Dirt Doesn’t Stand a Chance with Zippi Sweeper Max! Local Steals & Deals: Big Sound & Ice Cold Drinks with Quicksilver Local Steals & Deals: Next-Level Cooling with LivePure Local Steals & Deals: Bold Color for your Garden with Cottage Farms Direct Local Steals & Deals: Guard Your Privacy & Smooth Your Skin with ID Defender & freeda Local Steals & Deals: Charge Up & Slim Down with Statik and COUNTO Local Steals & Deals: Instant Air & Tunes On-The-Go with Statik & Mad Man Local Steals & Deals: Fitness Meets Function with Jetti Brands & OrganiZZi Local Steals & Deals: Cold Therapy & A Colorful Garden with Freeze Sleeve & Cottage Farms Direct Local Steals & Deals: Capture Every Journey & Stay Protected On-the-Go with Minolta and Bellbird Local Steals & Deals: Walk in Comfort & Travel with Ease with AIRfeet and Blisslets Local Steals & Deals: Self-Care Made Simple with Lino Cosmetics and Bibb Home Local Steals & Deals: Full Blooms and Smart Planning with Cottage Farms and ICEBOX Local Steals & Deals: Chic Looks and Stylish Spaces with Cortex Beauty and This Is A Stickup Local Steals & Deals: Chic Accessories & Smart Security with Lisa Stewart Jewelry and Swann Local Steals & Deals: Youthful Skin & Endless Blooms with iluminage & Cottage Farms Direct Local Steals & Deals: Unstoppable Performance with Audien Hearing and Aqua Joe Local Steals & Deals: Confidence Uncovered with Wrinkles Schminkles & Vicci Eyewear Local Steals & Deals: Smart Solutions for Your Daily Routine with Negg and Iluminage Local Steals & Deals: Colorful Eggs & Bright Smiles with Hey Buddy Hey Pal & Mint Local Steals & Deals: Effortless Beauty & Safety for Your Pup with Iluminage & Lumi Pawtners Local Steals & Deals: Savor Every Sip & Power Every Moment with Melitta & Rush Charge Local Steals & Deals: Clean Air & Sweet Dreams with Enviro-Biotic and EASYNEST Local Steals & Deals: Smart Wellness and Superior Sound with Lumen and HAVIT Local Steals & Deals: Elevate Your Fitness & Enhance Your Safety with SideShaper & LifeSafe Local Steals & Deals: Sensible Solutions for Self & Home with Supply Co. & Convert A Bench Local Steals & Deals: Stay Safe At Home & On The Road With Door Halo and Minolta! Local Steals & Deals: Comfort & Care with Cloud Socks & Hey Dewy! Local Steals & Deals: Light Your Way & Heal with Care with LuminAid and Hurt Skurt Latest Trending Helicopter crashes into Mississippi River barge, killing two Jazz musician, Grammy winner, Eddie Palmieri, dies Two Pennsylvania state troopers shot ‘Love & Hip Hop: Atlanta’ star Erica Banks arrested 3 victims of 9/11 identified nearly quarter-century after attacks",-21,74,-0.283783783783784,"['bliss (title)', 'chan (title)', 'parks (title)']","Bliss",386
"KIRO 7","https://www.kiro7.com/sponsored/local-steals-and-deals/","Local Steals and Deals Local Steals & Deals: A New Phone + Free Service for 1 Year with Google Pixel 9 & US Mobile Local Steals & Deals: Dirt Doesn’t Stand a Chance with Zippi Sweeper Max! Local Steals & Deals: Big Sound & Ice Cold Drinks with Quicksilver Local Steals & Deals: Next-Level Cooling with LivePure Local Steals & Deals: Bold Color for your Garden with Cottage Farms Direct Local Steals & Deals: Guard Your Privacy & Smooth Your Skin with ID Defender & freeda Local Steals & Deals: Charge Up & Slim Down with Statik and COUNTO Local Steals & Deals: Instant Air & Tunes On-The-Go with Statik & Mad Man Local Steals & Deals: Fitness Meets Function with Jetti Brands & OrganiZZi Local Steals & Deals: Cold Therapy & A Colorful Garden with Freeze Sleeve & Cottage Farms Direct Local Steals & Deals: Capture Every Journey & Stay Protected On-the-Go with Minolta and Bellbird Local Steals & Deals: Walk in Comfort & Travel with Ease with AIRfeet and Blisslets Local Steals & Deals: Self-Care Made Simple with Lino Cosmetics and Bibb Home Local Steals & Deals: Full Blooms and Smart Planning with Cottage Farms and ICEBOX Local Steals & Deals: Chic Looks and Stylish Spaces with Cortex Beauty and This Is A Stickup Local Steals & Deals: Chic Accessories & Smart Security with Lisa Stewart Jewelry and Swann Local Steals & Deals: Youthful Skin & Endless Blooms with iluminage & Cottage Farms Direct Local Steals & Deals: Unstoppable Performance with Audien Hearing and Aqua Joe Local Steals & Deals: Confidence Uncovered with Wrinkles Schminkles & Vicci Eyewear Local Steals & Deals: Smart Solutions for Your Daily Routine with Negg and Iluminage Local Steals & Deals: Colorful Eggs & Bright Smiles with Hey Buddy Hey Pal & Mint Local Steals & Deals: Effortless Beauty & Safety for Your Pup with Iluminage & Lumi Pawtners Local Steals & Deals: Savor Every Sip & Power Every Moment with Melitta & Rush Charge Local Steals & Deals: Clean Air & Sweet Dreams with Enviro-Biotic and EASYNEST Local Steals & Deals: Smart Wellness and Superior Sound with Lumen and HAVIT Local Steals & Deals: Elevate Your Fitness & Enhance Your Safety with SideShaper & LifeSafe Local Steals & Deals: Sensible Solutions for Self & Home with Supply Co. & Convert A Bench Local Steals & Deals: Stay Safe At Home & On The Road With Door Halo and Minolta! Local Steals & Deals: Comfort & Care with Cloud Socks & Hey Dewy! Local Steals & Deals: Light Your Way & Heal with Care with LuminAid and Hurt Skurt Latest Trending Helicopter crashes into Mississippi River barge, killing two Jazz musician, Grammy winner, Eddie Palmieri, dies Two Pennsylvania state troopers shot ‘Love & Hip Hop: Atlanta’ star Erica Banks arrested 3 victims of 9/11 identified nearly quarter-century after attacks",-21,74,-0.283783783783784,"['bliss (title)', 'chan (title)']","Bliss",387
"KIRO 7","https://www.kiro7.com/sponsored/local-steals-and-deals/","Local Steals and Deals Local Steals & Deals: A New Phone + Free Service for 1 Year with Google Pixel 9 & US Mobile Local Steals & Deals: Dirt Doesn’t Stand a Chance with Zippi Sweeper Max! Local Steals & Deals: Big Sound & Ice Cold Drinks with Quicksilver Local Steals & Deals: Next-Level Cooling with LivePure Local Steals & Deals: Bold Color for your Garden with Cottage Farms Direct Local Steals & Deals: Guard Your Privacy & Smooth Your Skin with ID Defender & freeda Local Steals & Deals: Charge Up & Slim Down with Statik and COUNTO Local Steals & Deals: Instant Air & Tunes On-The-Go with Statik & Mad Man Local Steals & Deals: Fitness Meets Function with Jetti Brands & OrganiZZi Local Steals & Deals: Cold Therapy & A Colorful Garden with Freeze Sleeve & Cottage Farms Direct Local Steals & Deals: Capture Every Journey & Stay Protected On-the-Go with Minolta and Bellbird Local Steals & Deals: Walk in Comfort & Travel with Ease with AIRfeet and Blisslets Local Steals & Deals: Self-Care Made Simple with Lino Cosmetics and Bibb Home Local Steals & Deals: Full Blooms and Smart Planning with Cottage Farms and ICEBOX Local Steals & Deals: Chic Looks and Stylish Spaces with Cortex Beauty and This Is A Stickup Local Steals & Deals: Chic Accessories & Smart Security with Lisa Stewart Jewelry and Swann Local Steals & Deals: Youthful Skin & Endless Blooms with iluminage & Cottage Farms Direct Local Steals & Deals: Unstoppable Performance with Audien Hearing and Aqua Joe Local Steals & Deals: Confidence Uncovered with Wrinkles Schminkles & Vicci Eyewear Local Steals & Deals: Smart Solutions for Your Daily Routine with Negg and Iluminage Local Steals & Deals: Colorful Eggs & Bright Smiles with Hey Buddy Hey Pal & Mint Local Steals & Deals: Effortless Beauty & Safety for Your Pup with Iluminage & Lumi Pawtners Local Steals & Deals: Savor Every Sip & Power Every Moment with Melitta & Rush Charge Local Steals & Deals: Clean Air & Sweet Dreams with Enviro-Biotic and EASYNEST Local Steals & Deals: Smart Wellness and Superior Sound with Lumen and HAVIT Local Steals & Deals: Elevate Your Fitness & Enhance Your Safety with SideShaper & LifeSafe Local Steals & Deals: Sensible Solutions for Self & Home with Supply Co. & Convert A Bench Local Steals & Deals: Stay Safe At Home & On The Road With Door Halo and Minolta! Local Steals & Deals: Comfort & Care with Cloud Socks & Hey Dewy! Local Steals & Deals: Light Your Way & Heal with Care with LuminAid and Hurt Skurt Latest Trending Helicopter crashes into Mississippi River barge, killing two Jazz musician, Grammy winner, Eddie Palmieri, dies Two Pennsylvania state troopers shot ‘Love & Hip Hop: Atlanta’ star Erica Banks arrested 3 victims of 9/11 identified nearly quarter-century after attacks",-21,74,-0.283783783783784,"['bliss (title)', 'chan (title)']","Bliss",388
"KIRO 7","https://www.kiro7.com/sports/wnba/seattle-storm/","Seattle Storm Seattle Storm acquire All-Star guard Brittney Sykes Storm’s Skylar Diggins records first triple-double in WNBA All-Star Game history Seattle Storm sign veteran guard Tiffany Mitchell Storm’s Skylar Diggins, Gabby Williams selected as WNBA All-Stars Seattle Storm prepares for matchup with Golden State Valkyries Seattle Storm torch Aces with season-best shooting, extend win streak to three Dominique Malonga eager to prove growth of French basketball as WNBA’s No. 2 pick overall to Storm Katie Lou Samuelson signs with Seattle Storm, agent says Storm coach Noelle Quinn says she learned from bullying investigation and is ready to move on Seattle Storm sign 10-year veteran Erica Wheeler Two-time Olympian Gabby Williams returns to Seattle Storm Kelsey Plum headed to Los Angeles and Jewell Loyd to Las Vegas in blockbuster 3-way deal: AP source Atlanta and Seattle to play first WNBA regular season game in Canada in August Loyd requests trade from Seattle after investigation into Storm shows no bullying, AP Source says Bird, Fowles, Pondexter, Beard headline Women’s Basketball Hall of Fame Class of 2025 Seattle Storm tops the WNBA as most valuable franchise Street to be renamed ‘Sue Bird Court’ to honor basketball legend Aces close out Storm 83-76 and will make their sixth consecutive WNBA semifinal appearance Nneka Ogwumike scores 17, Storm spoil Diana Taurasi’s night with 89-70 win over Mercury Wilson scores 21, sets rebounding mark and Las Vegas Aces defeat Seattle Storm 85-72 Skylar Diggins-Smith hits clutch free throws and Storm edge Sparks 90-87 Loyd scores 20, Horston 16 as Storm hit 12 3s, beats Mercury 90-66 Laney-Hamilton returns to starting lineup, helps Liberty to 77-70 win over Storm Diggins-Smith scores 18, Loyd adds 17, Storm grab key win over Sun 71-64 Breanna Stewart scores 32 points, Sabrina Ionescu adds 25 as Liberty defeat Storm 98-85 Jewell Loyd hits go-ahead 3 as Storm beat Dream 85-81 Ogwumike scores 24 and Magbegor has 14 rebounds as Storm hold off Mystics 83-77 Gabby Williams re-signs with the Seattle Storm after stellar Olympics Caitlin Clark breaks WNBA rookie assists record as Fever beat Storm 92-75 Sue Bird Barbie: Mattel honors WNBA great with signature doll Latest Trending Billy Howton, believed to be the oldest living NFL player, dies Commander of Apollo 13 mission, Jim Lovell, dies Thousands evacuated as wildfires burn in California HBO Max to crack down on password sharing Acrylic glass panel breaks from Royal Caribbean’s Icon of the Seas water slide; guest injured",26,18,1.44444444444444,"['wilson', 'wilson (title)', 'parks (title)']","Wilson",432
"KIRO 7","https://www.kiro7.com/sports/wnba/seattle-storm/","Seattle Storm Seattle Storm acquire All-Star guard Brittney Sykes Storm’s Skylar Diggins records first triple-double in WNBA All-Star Game history Seattle Storm sign veteran guard Tiffany Mitchell Storm’s Skylar Diggins, Gabby Williams selected as WNBA All-Stars Seattle Storm prepares for matchup with Golden State Valkyries Seattle Storm torch Aces with season-best shooting, extend win streak to three Dominique Malonga eager to prove growth of French basketball as WNBA’s No. 2 pick overall to Storm Katie Lou Samuelson signs with Seattle Storm, agent says Storm coach Noelle Quinn says she learned from bullying investigation and is ready to move on Seattle Storm sign 10-year veteran Erica Wheeler Two-time Olympian Gabby Williams returns to Seattle Storm Kelsey Plum headed to Los Angeles and Jewell Loyd to Las Vegas in blockbuster 3-way deal: AP source Atlanta and Seattle to play first WNBA regular season game in Canada in August Loyd requests trade from Seattle after investigation into Storm shows no bullying, AP Source says Bird, Fowles, Pondexter, Beard headline Women’s Basketball Hall of Fame Class of 2025 Seattle Storm tops the WNBA as most valuable franchise Street to be renamed ‘Sue Bird Court’ to honor basketball legend Aces close out Storm 83-76 and will make their sixth consecutive WNBA semifinal appearance Nneka Ogwumike scores 17, Storm spoil Diana Taurasi’s night with 89-70 win over Mercury Wilson scores 21, sets rebounding mark and Las Vegas Aces defeat Seattle Storm 85-72 Skylar Diggins-Smith hits clutch free throws and Storm edge Sparks 90-87 Loyd scores 20, Horston 16 as Storm hit 12 3s, beats Mercury 90-66 Laney-Hamilton returns to starting lineup, helps Liberty to 77-70 win over Storm Diggins-Smith scores 18, Loyd adds 17, Storm grab key win over Sun 71-64 Breanna Stewart scores 32 points, Sabrina Ionescu adds 25 as Liberty defeat Storm 98-85 Jewell Loyd hits go-ahead 3 as Storm beat Dream 85-81 Ogwumike scores 24 and Magbegor has 14 rebounds as Storm hold off Mystics 83-77 Gabby Williams re-signs with the Seattle Storm after stellar Olympics Caitlin Clark breaks WNBA rookie assists record as Fever beat Storm 92-75 Sue Bird Barbie: Mattel honors WNBA great with signature doll Latest Trending Billy Howton, believed to be the oldest living NFL player, dies Commander of Apollo 13 mission, Jim Lovell, dies Thousands evacuated as wildfires burn in California HBO Max to crack down on password sharing Acrylic glass panel breaks from Royal Caribbean’s Icon of the Seas water slide; guest injured",26,18,1.44444444444444,"['wilson', 'wilson (title)', 'parks (title)']","Wilson",433
"KIRO 7","https://www.kiro7.com/sports/wnba/seattle-storm/","Seattle Storm Seattle Storm acquire All-Star guard Brittney Sykes Storm’s Skylar Diggins records first triple-double in WNBA All-Star Game history Seattle Storm sign veteran guard Tiffany Mitchell Storm’s Skylar Diggins, Gabby Williams selected as WNBA All-Stars Seattle Storm prepares for matchup with Golden State Valkyries Seattle Storm torch Aces with season-best shooting, extend win streak to three Dominique Malonga eager to prove growth of French basketball as WNBA’s No. 2 pick overall to Storm Katie Lou Samuelson signs with Seattle Storm, agent says Storm coach Noelle Quinn says she learned from bullying investigation and is ready to move on Seattle Storm sign 10-year veteran Erica Wheeler Two-time Olympian Gabby Williams returns to Seattle Storm Kelsey Plum headed to Los Angeles and Jewell Loyd to Las Vegas in blockbuster 3-way deal: AP source Atlanta and Seattle to play first WNBA regular season game in Canada in August Loyd requests trade from Seattle after investigation into Storm shows no bullying, AP Source says Bird, Fowles, Pondexter, Beard headline Women’s Basketball Hall of Fame Class of 2025 Seattle Storm tops the WNBA as most valuable franchise Street to be renamed ‘Sue Bird Court’ to honor basketball legend Aces close out Storm 83-76 and will make their sixth consecutive WNBA semifinal appearance Nneka Ogwumike scores 17, Storm spoil Diana Taurasi’s night with 89-70 win over Mercury Wilson scores 21, sets rebounding mark and Las Vegas Aces defeat Seattle Storm 85-72 Skylar Diggins-Smith hits clutch free throws and Storm edge Sparks 90-87 Loyd scores 20, Horston 16 as Storm hit 12 3s, beats Mercury 90-66 Laney-Hamilton returns to starting lineup, helps Liberty to 77-70 win over Storm Diggins-Smith scores 18, Loyd adds 17, Storm grab key win over Sun 71-64 Breanna Stewart scores 32 points, Sabrina Ionescu adds 25 as Liberty defeat Storm 98-85 Jewell Loyd hits go-ahead 3 as Storm beat Dream 85-81 Ogwumike scores 24 and Magbegor has 14 rebounds as Storm hold off Mystics 83-77 Gabby Williams re-signs with the Seattle Storm after stellar Olympics Caitlin Clark breaks WNBA rookie assists record as Fever beat Storm 92-75 Sue Bird Barbie: Mattel honors WNBA great with signature doll Latest Trending Billy Howton, believed to be the oldest living NFL player, dies Commander of Apollo 13 mission, Jim Lovell, dies Thousands evacuated as wildfires burn in California HBO Max to crack down on password sharing Acrylic glass panel breaks from Royal Caribbean’s Icon of the Seas water slide; guest injured",26,18,1.44444444444444,"['wilson', 'wilson (title)', 'parks (title)']","Wilson",434
"KIRO 7","https://www.kiro7.com/sports/wnba/seattle-storm/","Seattle Storm Seattle Storm acquire All-Star guard Brittney Sykes Storm’s Skylar Diggins records first triple-double in WNBA All-Star Game history Seattle Storm sign veteran guard Tiffany Mitchell Storm’s Skylar Diggins, Gabby Williams selected as WNBA All-Stars Seattle Storm prepares for matchup with Golden State Valkyries Seattle Storm torch Aces with season-best shooting, extend win streak to three Dominique Malonga eager to prove growth of French basketball as WNBA’s No. 2 pick overall to Storm Katie Lou Samuelson signs with Seattle Storm, agent says Storm coach Noelle Quinn says she learned from bullying investigation and is ready to move on Seattle Storm sign 10-year veteran Erica Wheeler Two-time Olympian Gabby Williams returns to Seattle Storm Kelsey Plum headed to Los Angeles and Jewell Loyd to Las Vegas in blockbuster 3-way deal: AP source Atlanta and Seattle to play first WNBA regular season game in Canada in August Loyd requests trade from Seattle after investigation into Storm shows no bullying, AP Source says Bird, Fowles, Pondexter, Beard headline Women’s Basketball Hall of Fame Class of 2025 Seattle Storm tops the WNBA as most valuable franchise Street to be renamed ‘Sue Bird Court’ to honor basketball legend Aces close out Storm 83-76 and will make their sixth consecutive WNBA semifinal appearance Nneka Ogwumike scores 17, Storm spoil Diana Taurasi’s night with 89-70 win over Mercury Wilson scores 21, sets rebounding mark and Las Vegas Aces defeat Seattle Storm 85-72 Skylar Diggins-Smith hits clutch free throws and Storm edge Sparks 90-87 Loyd scores 20, Horston 16 as Storm hit 12 3s, beats Mercury 90-66 Laney-Hamilton returns to starting lineup, helps Liberty to 77-70 win over Storm Diggins-Smith scores 18, Loyd adds 17, Storm grab key win over Sun 71-64 Breanna Stewart scores 32 points, Sabrina Ionescu adds 25 as Liberty defeat Storm 98-85 Jewell Loyd hits go-ahead 3 as Storm beat Dream 85-81 Ogwumike scores 24 and Magbegor has 14 rebounds as Storm hold off Mystics 83-77 Gabby Williams re-signs with the Seattle Storm after stellar Olympics Caitlin Clark breaks WNBA rookie assists record as Fever beat Storm 92-75 Sue Bird Barbie: Mattel honors WNBA great with signature doll Latest Trending ChatGPT adds mental health break, adjusts algorithm Gator grapple: Deputy grabs gator from pool, detains it in cruiser Bonneville Salt Flats driver Chris Raschke dies while trying to break speed record Fish sparks brush fire in western Canada Back to School: Save money while restocking school supplies for new year",28,19,1.47368421052632,"['wilson', 'wilson (title)', 'parks (title)']","Wilson",435
"KIRO 7","https://www.kiro7.com/sports/wnba/seattle-storm/","Seattle Storm Seattle Storm acquire All-Star guard Brittney Sykes Storm’s Skylar Diggins records first triple-double in WNBA All-Star Game history Seattle Storm sign veteran guard Tiffany Mitchell Storm’s Skylar Diggins, Gabby Williams selected as WNBA All-Stars Seattle Storm prepares for matchup with Golden State Valkyries Seattle Storm torch Aces with season-best shooting, extend win streak to three Dominique Malonga eager to prove growth of French basketball as WNBA’s No. 2 pick overall to Storm Katie Lou Samuelson signs with Seattle Storm, agent says Storm coach Noelle Quinn says she learned from bullying investigation and is ready to move on Seattle Storm sign 10-year veteran Erica Wheeler Two-time Olympian Gabby Williams returns to Seattle Storm Kelsey Plum headed to Los Angeles and Jewell Loyd to Las Vegas in blockbuster 3-way deal: AP source Atlanta and Seattle to play first WNBA regular season game in Canada in August Loyd requests trade from Seattle after investigation into Storm shows no bullying, AP Source says Bird, Fowles, Pondexter, Beard headline Women’s Basketball Hall of Fame Class of 2025 Seattle Storm tops the WNBA as most valuable franchise Street to be renamed ‘Sue Bird Court’ to honor basketball legend Aces close out Storm 83-76 and will make their sixth consecutive WNBA semifinal appearance Nneka Ogwumike scores 17, Storm spoil Diana Taurasi’s night with 89-70 win over Mercury Wilson scores 21, sets rebounding mark and Las Vegas Aces defeat Seattle Storm 85-72 Skylar Diggins-Smith hits clutch free throws and Storm edge Sparks 90-87 Loyd scores 20, Horston 16 as Storm hit 12 3s, beats Mercury 90-66 Laney-Hamilton returns to starting lineup, helps Liberty to 77-70 win over Storm Diggins-Smith scores 18, Loyd adds 17, Storm grab key win over Sun 71-64 Breanna Stewart scores 32 points, Sabrina Ionescu adds 25 as Liberty defeat Storm 98-85 Jewell Loyd hits go-ahead 3 as Storm beat Dream 85-81 Ogwumike scores 24 and Magbegor has 14 rebounds as Storm hold off Mystics 83-77 Gabby Williams re-signs with the Seattle Storm after stellar Olympics Caitlin Clark breaks WNBA rookie assists record as Fever beat Storm 92-75 Sue Bird Barbie: Mattel honors WNBA great with signature doll Latest Trending ChatGPT adds mental health break, adjusts algorithm Gator grapple: Deputy grabs gator from pool, detains it in cruiser Bonneville Salt Flats driver Chris Raschke dies while trying to break speed record Fish sparks brush fire in western Canada Back to School: Save money while restocking school supplies for new year",28,19,1.47368421052632,"['wilson', 'wilson (title)', 'parks (title)']","Wilson",436
"KIRO 7","https://www.kiro7.com/sports/wnba/seattle-storm/","Seattle Storm Seattle Storm acquire All-Star guard Brittney Sykes Storm’s Skylar Diggins records first triple-double in WNBA All-Star Game history Seattle Storm sign veteran guard Tiffany Mitchell Storm’s Skylar Diggins, Gabby Williams selected as WNBA All-Stars Seattle Storm prepares for matchup with Golden State Valkyries Seattle Storm torch Aces with season-best shooting, extend win streak to three Dominique Malonga eager to prove growth of French basketball as WNBA’s No. 2 pick overall to Storm Katie Lou Samuelson signs with Seattle Storm, agent says Storm coach Noelle Quinn says she learned from bullying investigation and is ready to move on Seattle Storm sign 10-year veteran Erica Wheeler Two-time Olympian Gabby Williams returns to Seattle Storm Kelsey Plum headed to Los Angeles and Jewell Loyd to Las Vegas in blockbuster 3-way deal: AP source Atlanta and Seattle to play first WNBA regular season game in Canada in August Loyd requests trade from Seattle after investigation into Storm shows no bullying, AP Source says Bird, Fowles, Pondexter, Beard headline Women’s Basketball Hall of Fame Class of 2025 Seattle Storm tops the WNBA as most valuable franchise Street to be renamed ‘Sue Bird Court’ to honor basketball legend Aces close out Storm 83-76 and will make their sixth consecutive WNBA semifinal appearance Nneka Ogwumike scores 17, Storm spoil Diana Taurasi’s night with 89-70 win over Mercury Wilson scores 21, sets rebounding mark and Las Vegas Aces defeat Seattle Storm 85-72 Skylar Diggins-Smith hits clutch free throws and Storm edge Sparks 90-87 Loyd scores 20, Horston 16 as Storm hit 12 3s, beats Mercury 90-66 Laney-Hamilton returns to starting lineup, helps Liberty to 77-70 win over Storm Diggins-Smith scores 18, Loyd adds 17, Storm grab key win over Sun 71-64 Breanna Stewart scores 32 points, Sabrina Ionescu adds 25 as Liberty defeat Storm 98-85 Jewell Loyd hits go-ahead 3 as Storm beat Dream 85-81 Ogwumike scores 24 and Magbegor has 14 rebounds as Storm hold off Mystics 83-77 Gabby Williams re-signs with the Seattle Storm after stellar Olympics Caitlin Clark breaks WNBA rookie assists record as Fever beat Storm 92-75 Sue Bird Barbie: Mattel honors WNBA great with signature doll Latest Trending ChatGPT adds mental health break, adjusts algorithm Gator grapple: Deputy grabs gator from pool, detains it in cruiser Bonneville Salt Flats driver Chris Raschke dies while trying to break speed record Fish sparks brush fire in western Canada Back to School: Save money while restocking school supplies for new year",28,19,1.47368421052632,"['wilson', 'wilson (title)', 'parks (title)']","Wilson",437
"KIRO 7","https://www.kiro7.com/sports/wnba/seattle-storm/","Seattle Storm Seattle Storm acquire All-Star guard Brittney Sykes Storm’s Skylar Diggins records first triple-double in WNBA All-Star Game history Seattle Storm sign veteran guard Tiffany Mitchell Storm’s Skylar Diggins, Gabby Williams selected as WNBA All-Stars Seattle Storm prepares for matchup with Golden State Valkyries Seattle Storm torch Aces with season-best shooting, extend win streak to three Dominique Malonga eager to prove growth of French basketball as WNBA’s No. 2 pick overall to Storm Katie Lou Samuelson signs with Seattle Storm, agent says Storm coach Noelle Quinn says she learned from bullying investigation and is ready to move on Seattle Storm sign 10-year veteran Erica Wheeler Two-time Olympian Gabby Williams returns to Seattle Storm Kelsey Plum headed to Los Angeles and Jewell Loyd to Las Vegas in blockbuster 3-way deal: AP source Atlanta and Seattle to play first WNBA regular season game in Canada in August Loyd requests trade from Seattle after investigation into Storm shows no bullying, AP Source says Bird, Fowles, Pondexter, Beard headline Women’s Basketball Hall of Fame Class of 2025 Seattle Storm tops the WNBA as most valuable franchise Street to be renamed ‘Sue Bird Court’ to honor basketball legend Aces close out Storm 83-76 and will make their sixth consecutive WNBA semifinal appearance Nneka Ogwumike scores 17, Storm spoil Diana Taurasi’s night with 89-70 win over Mercury Wilson scores 21, sets rebounding mark and Las Vegas Aces defeat Seattle Storm 85-72 Skylar Diggins-Smith hits clutch free throws and Storm edge Sparks 90-87 Loyd scores 20, Horston 16 as Storm hit 12 3s, beats Mercury 90-66 Laney-Hamilton returns to starting lineup, helps Liberty to 77-70 win over Storm Diggins-Smith scores 18, Loyd adds 17, Storm grab key win over Sun 71-64 Breanna Stewart scores 32 points, Sabrina Ionescu adds 25 as Liberty defeat Storm 98-85 Jewell Loyd hits go-ahead 3 as Storm beat Dream 85-81 Ogwumike scores 24 and Magbegor has 14 rebounds as Storm hold off Mystics 83-77 Gabby Williams re-signs with the Seattle Storm after stellar Olympics Caitlin Clark breaks WNBA rookie assists record as Fever beat Storm 92-75 Sue Bird Barbie: Mattel honors WNBA great with signature doll Latest Trending Helicopter crashes into Mississippi River barge, killing two Jazz musician, Grammy winner, Eddie Palmieri, dies Two Pennsylvania state troopers shot ‘Love & Hip Hop: Atlanta’ star Erica Banks arrested 3 victims of 9/11 identified nearly quarter-century after attacks",25,23,1.08695652173913,"['wilson', 'wilson (title)', 'parks (title)']","Wilson",438
"KIRO 7","https://www.kiro7.com/sports/wnba/seattle-storm/","Seattle Storm Seattle Storm acquire All-Star guard Brittney Sykes Storm’s Skylar Diggins records first triple-double in WNBA All-Star Game history Seattle Storm sign veteran guard Tiffany Mitchell Storm’s Skylar Diggins, Gabby Williams selected as WNBA All-Stars Seattle Storm prepares for matchup with Golden State Valkyries Seattle Storm torch Aces with season-best shooting, extend win streak to three Dominique Malonga eager to prove growth of French basketball as WNBA’s No. 2 pick overall to Storm Katie Lou Samuelson signs with Seattle Storm, agent says Storm coach Noelle Quinn says she learned from bullying investigation and is ready to move on Seattle Storm sign 10-year veteran Erica Wheeler Two-time Olympian Gabby Williams returns to Seattle Storm Kelsey Plum headed to Los Angeles and Jewell Loyd to Las Vegas in blockbuster 3-way deal: AP source Atlanta and Seattle to play first WNBA regular season game in Canada in August Loyd requests trade from Seattle after investigation into Storm shows no bullying, AP Source says Bird, Fowles, Pondexter, Beard headline Women’s Basketball Hall of Fame Class of 2025 Seattle Storm tops the WNBA as most valuable franchise Street to be renamed ‘Sue Bird Court’ to honor basketball legend Aces close out Storm 83-76 and will make their sixth consecutive WNBA semifinal appearance Nneka Ogwumike scores 17, Storm spoil Diana Taurasi’s night with 89-70 win over Mercury Wilson scores 21, sets rebounding mark and Las Vegas Aces defeat Seattle Storm 85-72 Skylar Diggins-Smith hits clutch free throws and Storm edge Sparks 90-87 Loyd scores 20, Horston 16 as Storm hit 12 3s, beats Mercury 90-66 Laney-Hamilton returns to starting lineup, helps Liberty to 77-70 win over Storm Diggins-Smith scores 18, Loyd adds 17, Storm grab key win over Sun 71-64 Breanna Stewart scores 32 points, Sabrina Ionescu adds 25 as Liberty defeat Storm 98-85 Jewell Loyd hits go-ahead 3 as Storm beat Dream 85-81 Ogwumike scores 24 and Magbegor has 14 rebounds as Storm hold off Mystics 83-77 Gabby Williams re-signs with the Seattle Storm after stellar Olympics Caitlin Clark breaks WNBA rookie assists record as Fever beat Storm 92-75 Sue Bird Barbie: Mattel honors WNBA great with signature doll Latest Trending Helicopter crashes into Mississippi River barge, killing two Jazz musician, Grammy winner, Eddie Palmieri, dies Two Pennsylvania state troopers shot ‘Love & Hip Hop: Atlanta’ star Erica Banks arrested 3 victims of 9/11 identified nearly quarter-century after attacks",25,23,1.08695652173913,"['wilson', 'wilson (title)', 'parks (title)']","Wilson",439
"KIRO 7","https://www.kiro7.com/sports/wnba/seattle-storm/","Seattle Storm Seattle Storm acquire All-Star guard Brittney Sykes Storm’s Skylar Diggins records first triple-double in WNBA All-Star Game history Seattle Storm sign veteran guard Tiffany Mitchell Storm’s Skylar Diggins, Gabby Williams selected as WNBA All-Stars Seattle Storm prepares for matchup with Golden State Valkyries Seattle Storm torch Aces with season-best shooting, extend win streak to three Dominique Malonga eager to prove growth of French basketball as WNBA’s No. 2 pick overall to Storm Katie Lou Samuelson signs with Seattle Storm, agent says Storm coach Noelle Quinn says she learned from bullying investigation and is ready to move on Seattle Storm sign 10-year veteran Erica Wheeler Two-time Olympian Gabby Williams returns to Seattle Storm Kelsey Plum headed to Los Angeles and Jewell Loyd to Las Vegas in blockbuster 3-way deal: AP source Atlanta and Seattle to play first WNBA regular season game in Canada in August Loyd requests trade from Seattle after investigation into Storm shows no bullying, AP Source says Bird, Fowles, Pondexter, Beard headline Women’s Basketball Hall of Fame Class of 2025 Seattle Storm tops the WNBA as most valuable franchise Street to be renamed ‘Sue Bird Court’ to honor basketball legend Aces close out Storm 83-76 and will make their sixth consecutive WNBA semifinal appearance Nneka Ogwumike scores 17, Storm spoil Diana Taurasi’s night with 89-70 win over Mercury Wilson scores 21, sets rebounding mark and Las Vegas Aces defeat Seattle Storm 85-72 Skylar Diggins-Smith hits clutch free throws and Storm edge Sparks 90-87 Loyd scores 20, Horston 16 as Storm hit 12 3s, beats Mercury 90-66 Laney-Hamilton returns to starting lineup, helps Liberty to 77-70 win over Storm Diggins-Smith scores 18, Loyd adds 17, Storm grab key win over Sun 71-64 Breanna Stewart scores 32 points, Sabrina Ionescu adds 25 as Liberty defeat Storm 98-85 Jewell Loyd hits go-ahead 3 as Storm beat Dream 85-81 Ogwumike scores 24 and Magbegor has 14 rebounds as Storm hold off Mystics 83-77 Gabby Williams re-signs with the Seattle Storm after stellar Olympics Caitlin Clark breaks WNBA rookie assists record as Fever beat Storm 92-75 Sue Bird Barbie: Mattel honors WNBA great with signature doll Latest Trending Helicopter crashes into Mississippi River barge, killing two Jazz musician, Grammy winner, Eddie Palmieri, dies Two Pennsylvania state troopers shot ‘Love & Hip Hop: Atlanta’ star Erica Banks arrested 3 victims of 9/11 identified nearly quarter-century after attacks",25,23,1.08695652173913,"['wilson', 'wilson (title)', 'parks (title)']","Wilson",440
"KOMO News","https://komonews.com/news/local/absolute-horror-researchers-posing-as-13-year-olds-given-advice-on-suicide-by-chatgpt","Current Weather Game Center 'Absolute horror': Researchers posing as 13-year-olds given advice on suicide by ChatGPT",-16,34,-0.470588235294118,"['armstrong']","Armstrong",548
"KOMO News","https://komonews.com/news/local/first-potential-locally-acquired-malaria-case-reported-in-washington-state-east-pierce-county-woman-infection-cdc-health-department","Current Weather Game Center First potential locally acquired malaria case reported in Washington state",-2,11,-0.181818181818182,"['armstrong']","Armstrong",555
"KOMO News","https://komonews.com/news/local/make-a-wish-alaska-washington-donate-unused-airline-miles-charity-healthcare-medicine-children-healing","Current Weather Game Center Family's journey with Make-A-Wish brings hope and cherished memories",12,24,0.5,"['armstrong']","Armstrong",560
"KOMO News","https://komonews.com/news/local/make-a-wish-wishes-in-flight-san-diego-shannon-messenger-author-teen-meets-favorite-author-book-series-novels-donate","Current Weather Game Center Make-A-Wish sends local teen to meet her favorite author",18,24,0.75,"['armstrong']","Armstrong",561
"KOMO News","https://komonews.com/news/local/seattle-businesses-sodo-neighborhood-seahawks-nfl-preseason-opener-pete-carroll-return-pioneer-square-football-sundays-pro-image-occidental","Current Weather Game Center Seattle businesses brace for Seahawks preseason opener with Pete Carroll's return",3,5,0.6,"['armstrong']","Armstrong",569
"KOMO News","https://komonews.com/news/local/wishes-in-flight-make-a-wish-foundation-donation-maias-story-leukemia-seattle-childrens-hospital","Current Weather Game Center Wishes In Flight helps 10-year-old leukemia survivor take dream vacation to Hawaii",6,19,0.315789473684211,"['armstrong']","Armstrong",578
"KOMO News","https://komonews.com/weather/hurricane-tracker","Current Weather Game Center Hurricane Tracker",-3,1,-3,"['armstrong']","Armstrong",581
"KOMO News","https://komonews.com/weather/radar","Current Weather Game Center Interactive Radar",-3,1,-3,"['armstrong']","Armstrong",582
"KUOW (Weekend Edition Sat)","https://www.kuow.org/stories/composer-ellie-wilson-s-new-music-is-inspired-by-ecological-data-on-moth-movements","Composer Ellie Wilson's new music is inspired by ecological data on moth movements",5,3,1.66666666666667,"['wilson', 'wilson (title)']","Wilson",607
"Seattle Times (Simple)","http://web.archive.org/web/20241001174142/https://obituaries.seattletimes.com/","Learn & Prepare",0,140,0,"['whelan']","Whelan",629
"Seattle Times (Simple)","http://web.archive.org/web/20241001174142/https://www.seattletimes.com/author/matt-calkins","Matt Calkins",10,9,1.11111111111111,"['wilson']","Wilson",631
"Seattle Times (Simple)","http://web.archive.org/web/20241001174142/https://www.seattletimes.com/entertainment/music/","Music",-7,11,-0.636363636363636,"['wilson']","Wilson",638
"Seattle Times (Simple)","http://web.archive.org/web/20250101234156/https://www.seattletimes.com/newsroom-staff/#news-columnists","Newsroom staff",20,22,0.909090909090909,"['mayor', 'wilson', 'lewis', 'foster', 'homeless', 'transportation']","Wilson",670
"Seattle Times (Simple)","http://web.archive.org/web/20250101234156/https://www.seattletimes.com/opinion/letters-to-the-editor/","Letters to the Editor",-12,17,-0.705882352941177,"['mayor', 'harrell', 'bruce harrell', 'police']","Harrell",673
"Seattle Times (Simple)","http://web.archive.org/web/20250101234156/https://www.seattletimes.com/sports/mariners/","Mariners",-3,5,-0.6,"['city council', 'wilson']","Wilson",684
"The Stranger (Web)","https://www.thestranger.com/news/2024/12/17/79829089/landlord-lobby-wishlist-leaked","Landlord Lobby Wishlist Leaked Just Can't Get Enough?",0,57,0,"['mayor', 'city council', 'election', 'harrell', 'bruce harrell', 'nelson', 'sara nelson', 'foster', 'budget', 'housing', 'homeless', 'homelessness', 'policy', 'development', 'legislation']","Harrell",692
"The Stranger (Web)","https://www.thestranger.com/news/2024/12/17/79829149/mayor-bruce-harrell-fires-former-seattle-police-chief-adrian-diaz","Mayor Bruce Harrell Fires Former Seattle Police Chief Adrian Diaz Just Can't Get Enough?",-23,25,-0.92,"['mayor', 'city council', 'harrell', 'bruce harrell', 'davison', 'ann davison', 'police', 'SPD', 'mayor (title)', 'harrell (title)', 'bruce harrell (title)', 'police (title)']","Harrell",693
"The Stranger (Web)","https://www.thestranger.com/news/2024/12/20/79832816/ten-times-sara-nelson-engaged-in-the-performative-ideological-political-theater-she-decries","Ten Times Sara Nelson Engaged In The “Performative, Ideological” “Political Theater” She Decries Just Can't Get Enough?",-34,102,-0.333333333333333,"['mayor', 'city council', 'election', 'candidate', 'governance', 'harrell', 'bruce harrell', 'davison', 'ann davison', 'lewis', 'andrew lewis', 'morales', 'tammy morales', 'mosqueda', 'teresa mosqueda', 'nelson', 'sara nelson', 'pedersen', 'alex pedersen', 'sawant', 'kshama sawant', 'strauss', 'dan strauss', 'budget', 'housing', 'police', 'SPD', 'policy', 'development', 'referendum', 'legislation', 'nelson (title)', 'sara nelson (title)']","Harrell",696
"The Stranger (Web)","https://www.thestranger.com/news/2024/12/23/79839659/king-county-metro-bus-driver-shawn-yims-death-is-a-tragedy","King County Metro Bus Driver Shawn Yim’s Death Is a Tragedy Just Can't Get Enough?",-96,78,-1.23076923076923,"['mayor', 'harrell', 'bruce harrell', 'budget', 'housing', 'homeless', 'police', 'SPD']","Harrell",698
"The Stranger (Web)","https://www.thestranger.com/news/2024/12/24/79839693/mayor-harrell-seems-unbeatable-because-his-old-political-opponents-arent-trying-to-beat-him","Mayor Harrell Seems Unbeatable Because His Old Political Opponents Aren’t Trying to Beat Him Just Can't Get Enough?",53,75,0.706666666666667,"['mayor', 'mayoral', 'city council', 'seattle politics', 'election', 'candidate', 'harrell', 'bruce harrell', 'davison', 'ann davison', 'nelson', 'sara nelson', 'gonzalez', 'budget', 'housing', 'homelessness', 'transportation', 'public safety', 'infrastructure', 'legislation', 'mayor (title)', 'harrell (title)']","Harrell",699
"The Stranger (Web)","https://www.thestranger.com/news/2025/02/06/79909039/the-call-is-coming-from-outside-the-house","The Call Is Coming from Outside the House Just Can't Get Enough?",13,14,0.928571428571429,"['mayor', 'harrell', 'bruce harrell', 'housing']","Harrell",700
"The Stranger (Web)","https://www.thestranger.com/news/2025/02/12/79918008/legislative-sausage-making-at-its-finest-spds-blast-balls-are-back","“Legislative sausage-making at its finest”: SPD’s Blast Balls are Back Just Can't Get Enough?",-101,102,-0.990196078431373,"['mayor', 'mayoral', 'city council', 'councilmember', 'harrell', 'bruce harrell', 'nelson', 'sara nelson', 'strauss', 'dan strauss', 'police', 'SPD', 'policy', 'ordinance', 'SPD (title)']","Harrell",701
"The Stranger (Web)","https://www.thestranger.com/news/2025/03/07/79956893/city-hall-is-back-on-denny-blaine","City Hall Is Back on Denny Blaine Just Can't Get Enough?",-7,45,-0.155555555555556,"['mayor', 'harrell', 'bruce harrell', 'police', 'parks']","Harrell",703
"The Stranger (Web)","https://www.thestranger.com/news/2025/05/05/80043102/seattle-police-trespassed-a-trans-woman-for-being-naked-at-a-queer-nude-beach","Seattle Police Trespassed a Trans Woman for Being Naked at a Queer Nude Beach Just Can't Get Enough?",-17,45,-0.377777777777778,"['mayor', 'harrell', 'bruce harrell', 'police', 'SPD', 'parks', 'police (title)']","Harrell",707
"The Stranger (Web)","https://www.thestranger.com/news/2025/05/08/80047730/spd-chief-tells-denny-blaine-beachgoers-legal-nudity-is-legal","SPD Chief Tells Denny Blaine Beachgoers Legal Nudity Is Legal Just Can't Get Enough?",-48,134,-0.358208955223881,"['mayor', 'councilmember', 'harrell', 'bruce harrell', 'police', 'SPD', 'policy', 'parks', 'SPD (title)']","Harrell",709
"The Stranger (Web)","https://www.thestranger.com/news/2025/05/23/80070048/weve-got-a-mayors-race","We’ve Got a Mayor’s Race! Just Can't Get Enough?",11,12,0.916666666666667,"['mayor', 'councilmember', 'election', 'harrell', 'bruce harrell', 'wilson', 'katie wilson', 'morales', 'tammy morales', 'mayor (title)']","Harrell",710
"The Stranger (Web)","https://www.thestranger.com/news/2025/06/27/80120394/progressive-revenue-is-not-dead-in-seattle","Progressive Revenue Is Not Dead in Seattle Just Can't Get Enough?",-26,53,-0.490566037735849,"['mayor', 'city council', 'election', 'candidate', 'harrell', 'bruce harrell', 'budget', 'housing', 'homelessness', 'police', 'taxes', 'policy']","Harrell",717
"The Stranger (Web)","https://www.thestranger.com/news/2025/07/28/80169410/katie-wilson-is-giving-harrell-a-run-for-his-money-literally","Katie Wilson Is Giving Harrell a Run for His Money, Literally Just Can't Get Enough?",22,28,0.785714285714286,"['mayor', 'mayoral', 'election', 'candidate', 'harrell', 'bruce harrell', 'wilson', 'katie wilson', 'sawant', 'kshama sawant', 'transportation', 'zoning', 'public safety', 'police', 'harrell (title)', 'wilson (title)', 'katie wilson (title)']","Harrell",720
"The Stranger (Web)","https://www.thestranger.com/news/2025/08/05/80181915/seattle-city-council-passed-the-shield-tax","Seattle City Council Passed the Shield Tax Just Can't Get Enough?",-25,42,-0.595238095238095,"['mayor', 'city council', 'councilmember', 'election', 'harrell', 'bruce harrell', 'budget', 'housing', 'homelessness', 'taxes', 'policy', 'development', 'legislation', 'city council (title)']","Harrell",725
"The Stranger (Web)","https://www.thestranger.com/podcasts/2025/08/01/80175502/francesca-fiorentini-says-grab-a-spine-and-laugh","Francesca Fiorentini Says Grab a Spine (and Laugh) Just Can't Get Enough?",35,94,0.372340425531915,"['mayoral', 'councilmember', 'candidate', 'wilson', 'katie wilson', 'police']","Wilson",726
"The Stranger (Web)","https://www.thestranger.com/politics/2025/07/25/80165333/what-you-missed-at-candidate-survivor-last-night","What You Missed at Candidate Survivor Last Night Just Can't Get Enough?",13,16,0.8125,"['city council', 'candidate', 'wilson', 'katie wilson', 'policy', 'candidate (title)']","Wilson",727
"The Stranger (Web)","https://www.thestranger.com/slog-am/2025/07/23/80162181/slog-am-ice-detains-high-school-theater-director-israel-strikes-who-site-and-ceos-love-bruce-harrell","Slog AM: ICE Detains High School Theater Director, Israel Strikes WHO Site, and CEOs love Bruce Harrell Just Can't Get Enough?",-144,126,-1.14285714285714,"['mayor', 'election', 'harrell', 'bruce harrell', 'wilson', 'katie wilson', 'police', 'SPD', 'policy', 'development', 'harrell (title)', 'bruce harrell (title)']","Harrell",735
"The Stranger (Web)","https://www.thestranger.com/slog-am/2025/07/29/80170879/slog-am-debora-juarez-back-on-council-ann-davison-stabs-denny-blaine-in-the-backside-manhattan-gunman-likely-targeted-nfl","Slog AM: Debora Juarez Back On Council, Ann Davison Stabs Denny Blaine In The Back(side), Manhattan Gunman Likely Targeted NFL Just Can't Get Enough?",-41,86,-0.476744186046512,"['mayor', 'city council', 'election', 'candidate', 'harrell', 'bruce harrell', 'wilson', 'katie wilson', 'davison', 'ann davison', 'juarez', 'debora juarez', 'zoning', 'police', 'SPD', 'infrastructure', 'taxes', 'parks', 'davison (title)', 'ann davison (title)', 'juarez (title)', 'debora juarez (title)']","Harrell",737
"The Stranger (Web)","https://www.thestranger.com/slog-am/2025/07/31/80173816/slog-am-trumps-still-throwing-tariff-tantrums-out-of-state-money-rolls-into-city-council-race-boeing-workers-threaten-to-strike","Slog AM: Trump’s Still Throwing Tariff Tantrums, Out-of-State Money Rolls into City Council Race, Boeing Workers Threaten to Strike Just Can't Get Enough?",-11,45,-0.244444444444444,"['mayor', 'city council', 'councilmember', 'candidate', 'harrell', 'bruce harrell', 'savage', 'nelson', 'sara nelson', 'foster', 'homeless', 'development', 'city council (title)']","Harrell",739
"The Stranger (Web)","https://www.thestranger.com/slog-am/2025/08/06/80181852/slog-am-great-primary-election-night-for-the-left-moderate-dems-are-in-deep-trouble-and-it-finally-rained-last-night","Slog AM: Great Primary Election Night for the Left, Moderate Dems Are in Deep Trouble, and It Finally Rained Last Night Just Can't Get Enough?",-43,68,-0.632352941176471,"['mayor', 'city council', 'election', 'harrell', 'bruce harrell', 'wilson', 'katie wilson', 'davison', 'ann davison', 'nelson', 'sara nelson', 'foster', 'homeless', 'labor', 'union', 'election (title)']","Harrell",740
"The Stranger (Web)","https://www.thestranger.com/slog-am/2025/08/07/80184632/slog-am-wilsons-lead-grows-spd-pays-millions-in-discrimination-lawsuit-and-shut-up-pete-buttigieg","Slog AM: Wilson's Lead Grows, SPD Pays Millions in Discrimination Lawsuit, and Shut Up, Pete Buttigieg Just Can't Get Enough?",-30,37,-0.810810810810811,"['mayor', 'mayoral', 'city council', 'councilmember', 'election', 'candidate', 'harrell', 'bruce harrell', 'wilson', 'katie wilson', 'davison', 'ann davison', 'nelson', 'sara nelson', 'foster', 'budget', 'police', 'SPD', 'wilson (title)', 'SPD (title)']","Harrell",741
"The Stranger (Web)","https://www.thestranger.com/stranger-election-control-board/2025/04/01/79993955/the-2025-campaign-season-has-begun","The 2025 Campaign Season Has Begun Just Can't Get Enough?",30,45,0.666666666666667,"['mayor', 'city council', 'election', 'harrell', 'bruce harrell', 'wilson', 'katie wilson', 'armstrong', 'ry armstrong', 'molloy', 'joe molloy', 'savage', 'davison', 'ann davison', 'morales', 'tammy morales', 'nelson', 'sara nelson', 'sawant', 'kshama sawant', 'foster', 'housing', 'homeless', 'homelessness', 'transportation', 'public safety', 'police', 'taxes', 'policy', 'parks']","Harrell",744
"The Stranger (Web)","https://www.thestranger.com/stranger-election-control-board/2025/07/02/80127708/the-stranger-endorses-katie-wilson-for-mayor","The Stranger Endorses Katie Wilson for Mayor Just Can't Get Enough?",0,55,0,"['mayor', 'city council', 'municipal', 'harrell', 'bruce harrell', 'wilson', 'katie wilson', 'mallahan', 'joe mallahan', 'molloy', 'joe molloy', 'housing', 'homelessness', 'police', 'SPD', 'policy', 'ordinance', 'mayor (title)', 'wilson (title)', 'katie wilson (title)']","Harrell",746
"The Stranger (Web)","https://www.thestranger.com/stranger-election-control-board/2025/07/03/80127888/vote-for-erika-evans-for-city-attorney","Vote for Erika Evans for City Attorney Just Can't Get Enough?",-20,61,-0.327868852459016,"['councilmember', 'election', 'harrell', 'bruce harrell', 'wilson', 'katie wilson', 'davison', 'ann davison', 'oliver', 'police']","Harrell",747
"The Stranger (Web)","https://www.thestranger.com/stranger-election-control-board/2025/07/03/80129310/vote-for-eddie-lin-for-city-council-district-2","Vote for Eddie Lin for City Council District 2 Just Can't Get Enough?",-5,41,-0.121951219512195,"['mayor', 'mayoral', 'city council', 'councilmember', 'harrell', 'bruce harrell', 'morales', 'tammy morales', 'housing', 'transportation', 'police', 'city council (title)']","Harrell",749
"The Stranger (Web)","https://www.thestranger.com/stranger-election-control-board/2025/07/03/80129783/vote-for-alexis-mercedes-rinck-for-city-council-position-8","Vote for Alexis Mercedes Rinck for City Council Position 8 Just Can't Get Enough?",4,16,0.25,"['mayor', 'city council', 'election', 'savage', 'morales', 'tammy morales', 'nelson', 'sara nelson', 'SPD', 'taxes', 'city council (title)']","Savage",750
"The Stranger (Web)","https://www.thestranger.com/stranger-election-control-board/2025/07/09/80139298/the-strangers-primary-election-voting-guide","The Stranger's Primary Election Voting Guide Just Can't Get Enough?",-118,902,-0.130820399113082,"['mayor', 'mayoral', 'city council', 'councilmember', 'election', 'candidate', 'municipal', 'governance', 'harrell', 'bruce harrell', 'wilson', 'katie wilson', 'mallahan', 'joe mallahan', 'molloy', 'joe molloy', 'savage', 'davison', 'ann davison', 'morales', 'tammy morales', 'mosqueda', 'teresa mosqueda', 'nelson', 'sara nelson', 'oliver', 'foster', 'budget', 'housing', 'homeless', 'homelessness', 'transportation', 'police', 'SPD', 'infrastructure', 'taxes', 'policy', 'development', 'parks', 'ordinance', 'legislation', 'ballot measure', 'election (title)']","Harrell",753
"The Stranger (Web)","https://www.thestranger.com/stranger-election-control-board/2025/07/23/80160760/candidate-survivor-is-thursday","Candidate Survivor Is Thursday Just Can't Get Enough?",15,11,1.36363636363636,"['mayoral', 'election', 'candidate', 'harrell', 'bruce harrell', 'wilson', 'katie wilson', 'armstrong', 'ry armstrong', 'foster', 'housing', 'candidate (title)']","Harrell",755
"The Stranger (Web)","https://www.thestranger.com/stranger-election-control-board/2025/08/05/80181902/primary-election-night-2025-live","Primary Election Night 2025 Live Just Can't Get Enough?",-28,36,-0.777777777777778,"['mayor', 'mayoral', 'city council', 'election', 'candidate', 'harrell', 'bruce harrell', 'wilson', 'katie wilson', 'nelson', 'sara nelson', 'foster', 'policy', 'election (title)']","Harrell",756
"The Stranger (Web)","https://www.thestranger.com/the-stranger-election-control-board/2025/08/06/80183139/updated-primary-election-takeaways","UPDATED: Primary Election Takeaways Just Can't Get Enough?",17,66,0.257575757575758,"['mayor', 'mayoral', 'city council', 'election', 'candidate', 'harrell', 'bruce harrell', 'wilson', 'katie wilson', 'savage', 'rachel savage', 'davison', 'ann davison', 'morales', 'tammy morales', 'mosqueda', 'teresa mosqueda', 'nelson', 'sara nelson', 'foster', 'homeless', 'labor', 'parks', 'referendum', 'election (title)']","Harrell",757
